Workbook

Sheet Raw Data
A1: bar | B1: brand | C1: alcohol_type | D1: abc | E1: service_level | F1: forecast_ml_per_day | G1: par_ml | H1: par_bottles | I1: reorder_point_ml | J1: days_of_cover
A2: Anderson's Bar | B2: Bacardi | C2: Rum | D2: A | E2: 0.98 | F2: 67.9 | G2: 2250 | H2: 3 | I2: 1306 | J2: 33.1
A3: Anderson's Bar | B3: Barefoot | C3: Wine | D3: A | E3: 0.98 | F3: 66.2 | G3: 2250 | H3: 3 | I3: 1547 | J3: 34
A4: Anderson's Bar | B4: Grey Goose | C4: Vodka | D4: A | E4: 0.98 | F4: 65.2 | G4: 2250 | H4: 3 | I4: 1293 | J4: 34.5
A5: Anderson's Bar | B5: Captain Morgan | C5: Rum | D5: A | E5: 0.98 | F5: 64.5 | G5: 2250 | H5: 3 | I5: 1599 | J5: 34.9
A6: Anderson's Bar | B6: Jameson | C6: Whiskey | D6: A | E6: 0.98 | F6: 63.4 | G6: 2250 | H6: 3 | I6: 1506 | J6: 35.5
A7: Anderson's Bar | B7: Jim Beam | C7: Whiskey | D7: A | E7: 0.98 | F7: 62.7 | G7: 2250 | H7: 3 | I7: 1786 | J7: 35.9
A8: Anderson's Bar | B8: Smirnoff | C8: Vodka | D8: A | E8: 0.98 | F8: 61.3 | G8: 2250 | H8: 3 | I8: 1138 | J8: 36.7
A9: Anderson's Bar | B9: Sutter Home | C9: Wine | D9: A | E9: 0.98 | F9: 60.8 | G9: 2250 | H9: 3 | I9: 1473 | J9: 37
A10: Anderson's Bar | B10: Coors | C10: Beer | D10: A | E10: 0.98 | F10: 60.5 | G10: 2000 | H10: 4 | I10: 1425 | J10: 33.1
A11: Anderson's Bar | B11: Yellow Tail | C11: Wine | D11: A | E11: 0.98 | F11: 59.8 | G11: 2250 | H11: 3 | I11: 1088 | J11: 37.6
A12: Anderson's Bar | B12: Jack Daniels | C12: Whiskey | D12: B | E12: 0.95 | F12: 56.9 | G12: 1500 | H12: 2 | I12: 976 | J12: 26.4
A13: Anderson's Bar | B13: Heineken | C13: Beer | D13: B | E13: 0.95 | F13: 55.9 | G13: 1500 | H13: 3 | I13: 802 | J13: 26.8
... A97: Thomas's Bar | B97: Budweiser | C97: Beer | D97: C | E97: 0.9 | F97: 46.8 | G97: 1000 | H97: 2 | I97: 629 | J97: 21.4

Sheet Bar Summary
A1: Bar | B1: Item Count | C1: Total Par (ml) | D1: Total Par (bottles) | E1: Avg Days of Cover
A2: Anderson's Bar | B2: =COUNTIF('Raw Data'!A:A,A2) -> 16 | C2: =ROUND(SUMIF('Raw Data'!A:A,A2,'Raw Data'!G:G),0) -> 30750 | D2: =ROUND(SUMIF('Raw Data'!A:A,A2,'Raw Data'!H:H),0) -> 45 | E2: =ROUND(AVERAGEIF('Raw Data'!A:A,A2,'Raw Data'!J:J),1) -> 32.3
A3: Brown's Bar | B3: =COUNTIF('Raw Data'!A:A,A3) -> 16 | C3: =ROUND(SUMIF('Raw Data'!A:A,A3,'Raw Data'!G:G),0) -> 26500 | D3: =ROUND(SUMIF('Raw Data'!A:A,A3,'Raw Data'!H:H),0) -> 39 | E3: =ROUND(AVERAGEIF('Raw Data'!A:A,A3,'Raw Data'!J:J),1) -> 28.6
A4: Johnson's Bar | B4: =COUNTIF('Raw Data'!A:A,A4) -> 16 | C4: =ROUND(SUMIF('Raw Data'!A:A,A4,'Raw Data'!G:G),0) -> 30000 | D4: =ROUND(SUMIF('Raw Data'!A:A,A4,'Raw Data'!H:H),0) -> 44 | E4: =ROUND(AVERAGEIF('Raw Data'!A:A,A4,'Raw Data'!J:J),1) -> 31.6
A5: Smith's Bar | B5: =COUNTIF('Raw Data'!A:A,A5) -> 16 | C5: =ROUND(SUMIF('Raw Data'!A:A,A5,'Raw Data'!G:G),0) -> 30000 | D5: =ROUND(SUMIF('Raw Data'!A:A,A5,'Raw Data'!H:H),0) -> 44 | E5: =ROUND(AVERAGEIF('Raw Data'!A:A,A5,'Raw Data'!J:J),1) -> 32.4
A6: Taylor's Bar | B6: =COUNTIF('Raw Data'!A:A,A6) -> 16 | C6: =ROUND(SUMIF('Raw Data'!A:A,A6,'Raw Data'!G:G),0) -> 29250 | D6: =ROUND(SUMIF('Raw Data'!A:A,A6,'Raw Data'!H:H),0) -> 43 | E6: =ROUND(AVERAGEIF('Raw Data'!A:A,A6,'Raw Data'!J:J),1) -> 31.7
A7: Thomas's Bar | B7: =COUNTIF('Raw Data'!A:A,A7) -> 16 | C7: =ROUND(SUMIF('Raw Data'!A:A,A7,'Raw Data'!G:G),0) -> 28000 | D7: =ROUND(SUMIF('Raw Data'!A:A,A7,'Raw Data'!H:H),0) -> 41 | E7: =ROUND(AVERAGEIF('Raw Data'!A:A,A7,'Raw Data'!J:J),1) -> 30.6

Sheet ABC Mix
A1: ABC Class | B1: Item Count | C1: Total Par Volume (ml) | D1: % of Total Volume
A2: A | B2: =COUNTIF('Raw Data'!D:D,A2) -> 60 | C2: =ROUND(SUMIF('Raw Data'!D:D,A2,'Raw Data'!G:G),0) -> 122500 | D2: =C2/SUM($C$2:$C$4) -> 0.70200573
A3: B | B3: =COUNTIF('Raw Data'!D:D,A3) -> 23 | C3: =ROUND(SUMIF('Raw Data'!D:D,A3,'Raw Data'!G:G),0) -> 36000 | D3: =C3/SUM($C$2:$C$4) -> 0.20630372
A4: C | B4: =COUNTIF('Raw Data'!D:D,A4) -> 13 | C4: =ROUND(SUMIF('Raw Data'!D:D,A4,'Raw Data'!G:G),0) -> 16000 | D4: =C4/SUM($C$2:$C$4) -> 0.091690544

Sheet Category
A1: Alcohol Type | B1: Avg Forecast Rate (ml/day) | C1: Avg Days of Cover | D1: Item Count
A2: Beer | B2: =ROUND(AVERAGEIF('Raw Data'!C:C,A2,'Raw Data'!F:F),1) -> 53.1 | C2: =ROUND(AVERAGEIF('Raw Data'!C:C,A2,'Raw Data'!J:J),1) -> 27.2 | D2: =COUNTIF('Raw Data'!C:C,A2) -> 24
A3: Rum | B3: =ROUND(AVERAGEIF('Raw Data'!C:C,A3,'Raw Data'!F:F),1) -> 59.7 | C3: =ROUND(AVERAGEIF('Raw Data'!C:C,A3,'Raw Data'!J:J),1) -> 33.4 | D3: =COUNTIF('Raw Data'!C:C,A3) -> 18
A4: Vodka | B4: =ROUND(AVERAGEIF('Raw Data'!C:C,A4,'Raw Data'!F:F),1) -> 60.2 | C4: =ROUND(AVERAGEIF('Raw Data'!C:C,A4,'Raw Data'!J:J),1) -> 33.2 | D4: =COUNTIF('Raw Data'!C:C,A4) -> 18
A5: Whiskey | B5: =ROUND(AVERAGEIF('Raw Data'!C:C,A5,'Raw Data'!F:F),1) -> 59.4 | C5: =ROUND(AVERAGEIF('Raw Data'!C:C,A5,'Raw Data'!J:J),1) -> 29.4 | D5: =COUNTIF('Raw Data'!C:C,A5) -> 18
A6: Wine | B6: =ROUND(AVERAGEIF('Raw Data'!C:C,A6,'Raw Data'!F:F),1) -> 58.4 | C6: =ROUND(AVERAGEIF('Raw Data'!C:C,A6,'Raw Data'!J:J),1) -> 34.2 | D6: =COUNTIF('Raw Data'!C:C,A6) -> 18

Sheet Top Items
A1: Item | B1: Bar | C1: Brand | D1: ABC | E1: Par (bottles) | F1: Days of Cover
A2: Anderson's Bar | Coors | B2: Anderson's Bar | C2: Coors | D2: A | E2: 4 | F2: 33.1
A3: Thomas's Bar | Miller | B3: Thomas's Bar | C3: Miller | D3: A | E3: 4 | F3: 31.6
A4: Smith's Bar | Miller | B4: Smith's Bar | C4: Miller | D4: A | E4: 4 | F4: 33.7
A5: Johnson's Bar | Budweiser | B5: Johnson's Bar | C5: Budweiser | D5: A | E5: 4 | F5: 35.2
A6: Taylor's Bar | Budweiser | B6: Taylor's Bar | C6: Budweiser | D6: A | E6: 4 | F6: 31.2
A7: Anderson's Bar | Bacardi | B7: Anderson's Bar | C7: Bacardi | D7: A | E7: 3 | F7: 33.1
A8: Anderson's Bar | Grey Goose | B8: Anderson's Bar | C8: Grey Goose | D8: A | E8: 3 | F8: 34.5
A9: Anderson's Bar | Barefoot | B9: Anderson's Bar | C9: Barefoot | D9: A | E9: 3 | F9: 34
A10: Anderson's Bar | Sutter Home | B10: Anderson's Bar | C10: Sutter Home | D10: A | E10: 3 | F10: 37
A11: Anderson's Bar | Yellow Tail | B11: Anderson's Bar | C11: Yellow Tail | D11: A | E11: 3 | F11: 37.6
A12: Anderson's Bar | Heineken | B12: Anderson's Bar | C12: Heineken | D12: B | E12: 3 | F12: 26.8
A13: Anderson's Bar | Miller | B13: Anderson's Bar | C13: Miller | D13: B | E13: 3 | F13: 26.9
... A16: Anderson's Bar | Smirnoff | B16: Anderson's Bar | C16: Smirnoff | D16: A | E16: 3 | F16: 36.7

Sheet Rate vs Par
A1: Item | B1: Forecast Rate (ml/day) | C1: Par (ml) | D1: ABC
A2: Anderson's Bar | Bacardi | B2: 67.9 | C2: 2250 | D2: A
A3: Anderson's Bar | Barefoot | B3: 66.2 | C3: 2250 | D3: A
A4: Anderson's Bar | Grey Goose | B4: 65.2 | C4: 2250 | D4: A
A5: Anderson's Bar | Captain Morgan | B5: 64.5 | C5: 2250 | D5: A
A6: Anderson's Bar | Jameson | B6: 63.4 | C6: 2250 | D6: A
A7: Anderson's Bar | Jim Beam | B7: 62.7 | C7: 2250 | D7: A
A8: Anderson's Bar | Smirnoff | B8: 61.3 | C8: 2250 | D8: A
A9: Anderson's Bar | Sutter Home | B9: 60.8 | C9: 2250 | D9: A
A10: Anderson's Bar | Coors | B10: 60.5 | C10: 2000 | D10: A
A11: Anderson's Bar | Yellow Tail | B11: 59.8 | C11: 2250 | D11: A
A12: Anderson's Bar | Jack Daniels | B12: 56.9 | C12: 1500 | D12: B
A13: Anderson's Bar | Heineken | B13: 55.9 | C13: 1500 | D13: B
... A97: Thomas's Bar | Budweiser | B97: 46.8 | C97: 1000 | D97: C
